cell_id,mean_risk,built_exposure,risk_exposure_score,risk_tier,rank
cell_01558,0.6637,0.9795,0.6501,Very High,1
cell_01597,0.6623,0.98,0.6491,Very High,2
cell_01557,0.6622,0.98,0.649,Very High,3
cell_01517,0.6624,0.9755,0.6462,Very High,4
cell_01598,0.6646,0.9672,0.6429,Very High,5
cell_01637,0.6649,0.9613,0.6391,Very High,6
cell_01559,0.6635,0.9628,0.6389,Very High,7
cell_01596,0.6631,0.9555,0.6336,Very High,8
cell_01595,0.6638,0.9514,0.6315,Very High,9
cell_01516,0.6602,0.9447,0.6237,Very High,10
cell_01599,0.6283,0.9778,0.6144,Very High,11
cell_01636,0.6576,0.9315,0.6125,Very High,12
cell_00788,0.6223,0.9763,0.6075,Very High,13
cell_01515,0.6549,0.9251,0.6058,Very High,14
cell_00593,0.6245,0.9664,0.6035,Very High,15
cell_01556,0.6568,0.9187,0.6034,Very High,16
cell_00932,0.6127,0.98,0.6004,Very High,17
cell_00787,0.6076,0.98,0.5955,Very High,18
cell_00853,0.6065,0.98,0.5944,Very High,19
cell_01518,0.655,0.907,0.5941,Very High,20
cell_00928,0.5996,0.98,0.5876,Very High,21
cell_00632,0.607,0.965,0.5857,Very High,22
cell_00675,0.5975,0.98,0.5855,High,23
cell_01676,0.652,0.8978,0.5854,Very High,24
cell_00931,0.5973,0.98,0.5854,High,25
cell_01638,0.653,0.8931,0.5832,Very High,26
cell_00749,0.6047,0.9642,0.5831,Very High,27
cell_00519,0.6115,0.9529,0.5826,Very High,28
cell_01478,0.6519,0.8876,0.5786,Very High,29
cell_00636,0.5892,0.98,0.5774,High,30
cell_00671,0.6177,0.9333,0.5765,Very High,31
cell_00634,0.5881,0.98,0.5764,High,32
cell_00854,0.5878,0.98,0.5761,High,33
cell_00927,0.5864,0.9775,0.5732,High,34
cell_01554,0.6551,0.8729,0.5718,Very High,35
cell_00748,0.5829,0.98,0.5713,High,36
cell_01001,0.5825,0.98,0.5708,High,37
cell_00858,0.5823,0.98,0.5706,High,38
cell_00850,0.6117,0.9315,0.5697,Very High,39
cell_01477,0.6501,0.8758,0.5693,Very High,40
cell_00963,0.5787,0.98,0.5672,High,41
cell_00679,0.589,0.9627,0.567,High,42
cell_00599,0.5761,0.98,0.5646,High,43
cell_00967,0.5831,0.9669,0.5638,High,44
cell_01006,0.5923,0.9512,0.5634,High,45
cell_00889,0.5734,0.98,0.5619,High,46
cell_01080,0.587,0.9557,0.561,High,47
cell_00715,0.5985,0.9367,0.5606,Very High,48
cell_01042,0.5719,0.98,0.5605,High,49
cell_00631,0.5708,0.9789,0.5588,High,50
