edge_id,name,highway,risk,flow_exposure,isolated_exposure,isolated_count,isolated_settlements,composite_criticality,explanation,lat,lon,rank
7802828844_7802828852_0,Mount - Medavakkam Road,primary,0.5325,135044.0,0.0,0,,6636.25,"Severance forces detours for 17 communities (கண்ணன் நகர் (+1.9m), Balaji Nagar (+8.2m), Ullagaram (+7.5m)), adding acute medical transit delays.",12.972122,80.191333,1
300279978_11626495136_0,Ponniamman Koil Street,tertiary,0.6391,72320.0,0.0,0,,3320.71,"Severance forces detours for 8 communities (Madipakkam (+2.8m), Puzhuthivakkam (+2.8m), Ram Nagar (+2.8m)), adding acute medical transit delays.",12.965469,80.196115,2
278608777_3895067958_0,Puzhuthivakkam Road,tertiary,0.6402,72320.0,0.0,0,,481.95,"High-traffic arterial carrying 72,320 exposure units through high flood hazard (0.64).",12.972365,80.196225,3
10591500451_280086381_0,Puzhuthivakkam Road,tertiary,0.6385,72320.0,0.0,0,,76.65,"High-traffic arterial carrying 72,320 exposure units through high flood hazard (0.64).",12.972419,80.194568,4
7802828852_9840924628_0,Mount - Medavakkam Road,primary,0.5129,135044.0,0.0,0,,6510.77,"Severance forces detours for 17 communities (கண்ணன் நகர் (+1.9m), Balaji Nagar (+8.1m), Ullagaram (+7.5m)), adding acute medical transit delays.",12.971457,80.19105,5
9840924628_7802828851_0,Mount - Medavakkam Road,primary,0.5092,135044.0,0.0,0,,6451.2,"Severance forces detours for 17 communities (கண்ணன் நகர் (+1.8m), Balaji Nagar (+8.1m), Ullagaram (+7.4m)), adding acute medical transit delays.",12.971214,80.19095,6
7802828851_11064463129_0,Mount - Medavakkam Road,primary,0.5129,135044.0,0.0,0,,6328.19,"Severance forces detours for 17 communities (கண்ணன் நகர் (+1.8m), Balaji Nagar (+8.0m), Ullagaram (+7.4m)), adding acute medical transit delays.",12.970974,80.19085,7
11064463129_7802828850_0,Mount - Medavakkam Road,primary,0.5092,135044.0,0.0,0,,6230.21,"Severance forces detours for 17 communities (கண்ணன் நகர் (+1.7m), Balaji Nagar (+8.0m), Ullagaram (+7.3m)), adding acute medical transit delays.",12.970687,80.190722,8
7802828850_7802828809_0,Mount - Medavakkam Road,primary,0.5063,135044.0,0.0,0,,6071.95,"Severance forces detours for 17 communities (கண்ணன் நகர் (+1.7m), Balaji Nagar (+7.9m), Ullagaram (+7.2m)), adding acute medical transit delays.",12.970351,80.190582,9
7802828809_7808779564_0,Mount - Medavakkam Road,primary,0.5095,135044.0,0.0,0,,5990.88,"Severance forces detours for 17 communities (கண்ணன் நகர் (+1.6m), Balaji Nagar (+7.9m), Ullagaram (+7.2m)), adding acute medical transit delays.",12.970041,80.190441,10
